Iteration,Adaptive_Hash_Time,Normal_ntHash_Time
1,0.015419500003190478,0.02290999999968335
2,0.014481999998679385,0.016514899998583132
3,0.013342900001589442,0.019114599999738857
4,0.012466399999539135,0.014814900001510978
5,0.01238549999834504,0.01442230000247946
6,0.015090699998836499,0.014172399998642504
7,0.01653240000086953,0.013473200000589713
8,0.012698799997451715,0.01298779999706312
9,0.012156400000094436,0.012667099999816855
10,0.013403500001004431,0.012906500000099186
11,0.019628300000476884,0.013145299999450799
12,0.014764999999897555,0.012943699999595992
13,0.015814499998668907,0.01368229999934556
14,0.012891200000012759,0.01259119999667746
15,0.015967399998771725,0.013070599998172838
16,0.011844900000141934,0.01922500000000582
17,0.011924999998882413,0.016934899998886976
18,0.01499560000229394,0.018231599999126047
19,0.012712700001429766,0.017128600000432925
20,0.019153399996866938,0.01771780000126455
21,0.012995500001125038,0.017793499999243068
22,0.014967800001613796,0.017503099999885308
23,0.013414900000498164,0.013561799998569768
24,0.012013999999908265,0.014746299999387702
25,0.01288629999908153,0.015879999999015126
26,0.01605379999818979,0.01365810000061174
27,0.01797939999960363,0.012393999997584615
28,0.016030799997679424,0.015741900002467446
29,0.01807330000156071,0.014584100001229672
30,0.014358399999764515,0.014034200001333375
31,0.014428900001803413,0.01346920000287355
32,0.014073300000745803,0.013028500001382781
33,0.016040499998780433,0.012486399999033893
34,0.013410900002782,0.012785200000507757
35,0.012219600001117215,0.012980999999854248
36,0.016008200000214856,0.013998299997183494
37,0.02172670000072685,0.016025599998101825
38,0.019137399998726323,0.013346100000489969
39,0.014256200000090757,0.012400899999192916
40,0.014719200000399724,0.011887599997862708
41,0.013455799999064766,0.013515899998310488
42,0.013235099999292288,0.01536860000123852
43,0.01359000000229571,0.02158880000206409
44,0.014351800000440562,0.017775399999663932
45,0.013812500001222361,0.01760890000150539
46,0.015899000001809327,0.015841100001125596
47,0.012739300000248477,0.0171029000011913
48,0.012145599997893441,0.019965100000263192
49,0.017915099997480866,0.017961899997317232
50,0.013505700000678189,0.014152499999909196
51,0.012873899999249261,0.020066199998836964
52,0.012215700000524521,0.015354700000898447
53,0.01212860000305227,0.01629280000270228
54,0.012654800000746036,0.016071199999714736
55,0.012425400000211084,0.01809720000164816
56,0.013361000001168577,0.017448000002332265
57,0.0118746000007377,0.013368600000831066
58,0.01398979999794392,0.016196699998545228
59,0.020114499999181135,0.019443400000454858
60,0.018981699999130797,0.012570200000482146
61,0.019795400003204122,0.012397800001053838
62,0.01596159999826341,0.012911400001030415
63,0.017506299998785835,0.013124999997671694
64,0.016240100001596147,0.013228200001321966
65,0.015529000000242377,0.015084500002558343
66,0.014069500000914559,0.013464800002111588
67,0.013591700000688434,0.013543799999752082
68,0.01562529999864637,0.013502600002539111
69,0.012214800000947434,0.018355399999563815
70,0.014522500001476146,0.01799639999808278
71,0.013240799999039154,0.01765520000117249
72,0.015637799999240087,0.01625899999999092
73,0.016451799998321803,0.019751100000576116
74,0.013125000001309672,0.012896799998998176
75,0.013972199998534052,0.01435700000001816
76,0.012274800003069686,0.019340400001965463
77,0.011964600002102088,0.017501500002254033
78,0.013972900000226218,0.012652100002014777
79,0.012681500000326196,0.020555099999910453
80,0.01931970000077854,0.017225999999936903
81,0.020612900003470713,0.015508599997701822
82,0.017518199998448836,0.013915299998188857
83,0.01323709999996936,0.016052500002842862
84,0.014335800002299948,0.017121000000770437
85,0.01368709999951534,0.01437420000002021
86,0.013895500000216998,0.019325000001117587
87,0.013667200000782032,0.013786700001219288
88,0.01499129999865545,0.014478500001132488
89,0.015033800002129283,0.01333110000268789
90,0.013958499999716878,0.017290600000706036
91,0.01494019999881857,0.01563230000101612
92,0.01365319999968051,0.012759600002027582
93,0.01560319999771309,0.013116699999955017
94,0.016141400003107265,0.012920699999085627
95,0.015221400000882568,0.01275520000126562
96,0.01440300000103889,0.01275800000075833
97,0.015988600000127917,0.01281369999924209
98,0.015793599999597063,0.012841600000683684
99,0.014336299998831237,0.014222199999494478
100,0.01242909999928088,0.01552319999973406
101,0.012319000001298264,0.017428999999538064
102,0.012151700000686105,0.01386830000046757
103,0.012207399999169866,0.017107100000430364
104,0.012164899999334011,0.013609099998575402
105,0.013819700001477031,0.01862780000010389
106,0.01984449999872595,0.014944599999580532
107,0.020883299999695737,0.017157900001620874
108,0.01674069999717176,0.012527299997600494
109,0.012295399999857182,0.016075499999715248
110,0.011642600002232939,0.018226299998787
111,0.011956000002101064,0.013037000000622356
112,0.011699999999109423,0.012553100001241546
113,0.011857599998620572,0.012838599999668077
114,0.01579180000044289,0.014339299999846844
115,0.014342300000862451,0.012843100001191488
116,0.011982899999566143,0.013658500000019558
117,0.012529399999039015,0.018761200000881217
118,0.015281299998605391,0.021215200002188794
119,0.015351900001405738,0.01674500000081025
120,0.015362299996922957,0.016165400000318186
121,0.011861799997859634,0.014043999999557855
122,0.011913000002095941,0.012584000000060769
123,0.011650100001133978,0.017660999998042826
124,0.012973500000953209,0.013235300000815187
125,0.011994299999059876,0.012500799999543233
126,0.01359720000255038,0.012582299998030066
127,0.01809290000164765,0.01488450000033481
128,0.016982999997708248,0.0168271000002278
129,0.019620600000052946,0.019304400000692112
130,0.017499300000054063,0.018635200001881458
131,0.014535199999954784,0.017606099998374702
132,0.01285710000229301,0.013734599997405894
133,0.017956199997570366,0.013557300000684336
134,0.014788300002692267,0.012941000000864733
135,0.013734899999690242,0.016833899997436674
136,0.011928599997190759,0.013003099997149548
137,0.011910699999134522,0.012369299998681527
138,0.012028900000586873,0.012957999999343883
139,0.012147999997978332,0.0178873000004387
140,0.012251700001797872,0.02163709999877028
141,0.016332900002453243,0.017506799998955103
142,0.01743709999936982,0.017556599999807077
143,0.019910899998649256,0.015377100000478094
144,0.012989400001970353,0.013898199998948257
145,0.013641900000948226,0.013600100002804538
146,0.011889700002939207,0.012603300001501339
147,0.011755700001231162,0.013731999999436084
148,0.012203099999169353,0.012708899997960543
149,0.013500000000931323,0.014665700000477955
150,0.012253600001713494,0.020354699998279102
151,0.012578400001075352,0.018151799999031937
152,0.012178999997559004,0.021416300001874333
153,0.0118795999987924,0.018224799998279195
154,0.012151799997809576,0.015815599999768892
155,0.013309100002516061,0.016985899997962406
156,0.019126499999401858,0.015705400001024827
157,0.01655850000315695,0.015520299999479903
158,0.017106399998738198,0.01570240000000922
159,0.021827600001415703,0.017142600001534447
160,0.018176100002165185,0.016124199999467237
161,0.014636100000643637,0.01646690000052331
162,0.01601680000021588,0.015205200001219055
163,0.012635399998544017,0.015553599998384016
164,0.01577289999841014,0.013368500000069616
165,0.01494499999898835,0.01252520000343793
166,0.013571899999078596,0.012631000001420034
167,0.014238099996873643,0.01315690000046743
168,0.013164700001652818,0.012736500000755768
169,0.014433500000450294,0.013370600001508137
170,0.013937399999122135,0.01317879999987781
171,0.012789899999916088,0.013489499997376697
172,0.01558370000202558,0.014071199999307282
173,0.015981500000634696,0.02093070000046282
174,0.017244300001038937,0.018046400000457652
175,0.014688300001580501,0.01700159999745665
176,0.014908000001014443,0.015649799999664538
177,0.01679090000106953,0.012594700001500314
178,0.014813300000241725,0.012534400000731694
179,0.012868500001786742,0.012845799999922747
180,0.01328079999802867,0.013431100000161678
181,0.013744500000029802,0.01275530000202707
182,0.013172799997846596,0.012679600000410574
183,0.013114199999108678,0.015463200001249788
184,0.017407300001650583,0.017704900001263013
185,0.014702099997521145,0.02101340000081109
186,0.014414000001124805,0.018805200001224875
187,0.01341830000092159,0.019410000000789296
188,0.01592030000028899,0.016264699999737786
189,0.014887599998473888,0.01424869999755174
190,0.014784300001338124,0.014243199999327771
191,0.01417330000185757,0.013235300000815187
192,0.014124599998467602,0.012666999999055406
193,0.014111799999227514,0.01388059999953839
194,0.014557499998772983,0.016898999998375075
195,0.01366989999951329,0.018987299998116214
196,0.014274199998908443,0.019022899999981746
197,0.01346919999923557,0.014247900002374081
198,0.014732600000570528,0.012887900000350783
199,0.015440799998032162,0.012589599999046186
200,0.015758500001538778,0.013081199998850934
201,0.015180800000962336,0.013419599999906495
202,0.015102900000783848,0.016864299999724608
203,0.014670799999294104,0.012735600001178682
204,0.015464100000826875,0.012691500000073574
205,0.01724610000019311,0.01607779999903869
206,0.016306100002111634,0.017252800000278512
207,0.014476799999101786,0.017856500002380926
208,0.01829329999964102,0.01311580000037793
209,0.01410060000125668,0.01291510000010021
210,0.01838100000168197,0.012565100001665996
211,0.01457759999902919,0.01314950000232784
212,0.013927100000728387,0.012542299999040551
213,0.01416379999864148,0.013702600001124665
214,0.016301000003295485,0.01694130000032601
215,0.01623670000117272,0.019869600000674836
216,0.012305000000196742,0.013529900003049988
217,0.013057600001047831,0.01577760000145645
218,0.018340999999054475,0.012993500000447966
219,0.014582799998606788,0.012601300000824267
220,0.014804100002947962,0.017123699999501696
221,0.01608719999785535,0.015062900001794333
222,0.013385199999902397,0.016064299998106435
223,0.012548200000310317,0.018485399999917718
224,0.015343300001404714,0.016084099999716273
225,0.011748199998692144,0.015354699997260468
226,0.012625799998204457,0.01752639999904204
227,0.011759100001654588,0.013356299998122267
228,0.011904500002856366,0.015100499997060979
229,0.01849709999805782,0.017991900000197347
230,0.016528299998753937,0.015916800002742093
231,0.016601999999693362,0.01453140000012354
232,0.011905799998203292,0.016724600001907675
233,0.012103200002457015,0.016601200000877725
234,0.011837999998533633,0.01724889999968582
235,0.012161399998149136,0.013417500002105953
236,0.011996399996860418,0.013826800000970252
237,0.015642800000932766,0.012798199997632764
238,0.01469369999904302,0.013010099999519298
239,0.012729100002616178,0.012985800000024028
240,0.017372799997247057,0.013299100002768682
241,0.012371000000712229,0.0125012999997125
242,0.012863200001447694,0.012221599998156307
243,0.017847400002210634,0.015192000002571149
244,0.013296699999045813,0.019076199998380616
245,0.020796900000277674,0.018633600000612205
246,0.01352979999865056,0.015095400001882808
247,0.01235370000358671,0.014012999999977183
248,0.012127999998483574,0.012731899998470908
249,0.01570250000077067,0.012917000000015832
250,0.012659500000154367,0.013474999999743886
251,0.012962000000698026,0.015069699999003205
252,0.014772400001675123,0.02128200000151992
253,0.01375969999935478,0.017909599999256898
254,0.016293500000756467,0.01582840000264696
255,0.015534800000750693,0.018930400001408998
256,0.011991900002612965,0.017257100000279024
257,0.012192599999252707,0.01645210000060615
258,0.015758999998070067,0.013331800000742078
259,0.012550299998110859,0.012690400002611568
260,0.012155000000348082,0.01346929999999702
261,0.01448050000180956,0.012747799999488052
262,0.01690229999803705,0.012722600000415696
263,0.013565200002631173,0.01262240000141901
264,0.015605900000082329,0.012683200002356898
265,0.015014299999165814,0.017965700000786455
266,0.015198900000541471,0.020305500001995824
267,0.015290600000298582,0.016050399997766363
268,0.01808040000105393,0.016230500001256587
269,0.013433200001600198,0.01764760000151
270,0.015333499999542255,0.019493099996907404
271,0.01734009999927366,0.01945309999791789
272,0.01757299999735551,0.016836399998283014
273,0.015161600000283215,0.01299260000087088
274,0.011854600001242943,0.012826299996959278
275,0.012548999999125954,0.014017199999216245
276,0.01871229999960633,0.01740589999826625
277,0.015708999999333173,0.017399199998180848
278,0.01629039999897941,0.013501000001269858
279,0.019458900002064183,0.012502899997343775
280,0.012507199997344287,0.01262470000074245
281,0.012604100000316976,0.012594899999385234
282,0.01513379999960307,0.013998400001582922
283,0.014074499998969259,0.016204999999899883
284,0.014991799998824717,0.017748400001437403
285,0.014560799998434959,0.013234099998953752
286,0.0128523999992467,0.01599960000021383
287,0.014722899999469519,0.013310299997101538
288,0.01260320000073989,0.01521149999825866
289,0.012308499997743638,0.012889300000097137
290,0.01959309999801917,0.017769599999155616
291,0.018338500001846114,0.013081499997497303
292,0.013525599999411497,0.012432999999873573
293,0.011707300000125542,0.012730200000078185
294,0.01299999999901047,0.012655700000323122
295,0.012359699998341966,0.020690100001957035
296,0.012776299998222385,0.013839700000971789
297,0.01311839999834774,0.014022799998201663
298,0.017967799998586997,0.014442899999266956
299,0.013934400001744507,0.020256499999959487
300,0.011916299998119939,0.012986000001546927
301,0.012331400001130532,0.017249500000616536
302,0.015177199999016011,0.013104499998007668
303,0.021143399997527013,0.018301500000234228
304,0.022920600000361446,0.016606000001047505
305,0.01724620000095456,0.015909399997326545
306,0.017719600000418723,0.013615100000606617
307,0.014891399998305133,0.017875900000944966
308,0.014460999998846091,0.01413200000024517
309,0.015422600001329556,0.028376400001434376
310,0.01474410000082571,0.02077389999976731
311,0.013848599999619182,0.019410600001720013
312,0.012262500000360887,0.01647909999883268
313,0.013946999999461696,0.01617439999972703
314,0.012638799998967443,0.013826800000970252
315,0.01198120000117342,0.01899760000014794
316,0.01664540000274428,0.01433530000213068
317,0.016182299998035887,0.017617499997868435
318,0.017879200000606943,0.014343700000608806
319,0.014892999999574386,0.016847499999130378
320,0.011936099999729777,0.020959400000720052
321,0.01185530000293511,0.019100699999398785
322,0.012482599999202648,0.01514120000138064
323,0.012567800000397256,0.012666599999647588
324,0.013890899997932138,0.012761199999658857
325,0.015315600001486018,0.013516399998479756
326,0.011824900000647176,0.015791000001627253
327,0.011745299998437986,0.020612899999832734
328,0.0160872999986168,0.02061170000160928
329,0.013109999999869615,0.01553290000083507
330,0.013980499999888707,0.012751299997034948
331,0.01772739999796613,0.012502100002166117
332,0.018125299997336697,0.012429700000211596
333,0.01833979999719304,0.01637969999865163
334,0.01732080000147107,0.02039580000200658
335,0.01693459999660263,0.01657859999977518
336,0.013875399999960791,0.0180274999984249
337,0.011939399999391753,0.017809099997975864
338,0.011793799996667076,0.01741519999995944
339,0.012074499998561805,0.018382099999143975
340,0.013317299999471288,0.014807600000494858
341,0.018299499999557156,0.014860100000078091
342,0.022243300001719035,0.012636300001759082
343,0.015723399999842513,0.018668199998501223
344,0.01736180000079912,0.014781599998968886
345,0.014780000001337612,0.015376200000901008
346,0.016541100001632003,0.01873640000121668
347,0.01616719999947236,0.0188650999989477
348,0.015416499998536892,0.018538600001193117
349,0.014032399998541223,0.015989300001820084
350,0.018174199998611584,0.015406800001073861
351,0.01245290000224486,0.014092800000071293
352,0.012020400001347298,0.01747809999869787
353,0.011940799999138108,0.017513599999801954
354,0.013352800000575371,0.013111700001900317
355,0.02000410000255215,0.014483499999187188
356,0.016801800000393996,0.019482400002743816
357,0.01855280000017956,0.012827200000174344
358,0.014524900001561036,0.013959099997009616
359,0.01594930000283057,0.012676300000748597
360,0.013480300000082934,0.012903800001367927
361,0.014618199998949422,0.012699599999905331
362,0.013532999997551087,0.013267300000734394
363,0.015314899999793852,0.012474900002416689
364,0.01413700000193785,0.012732699997286545
365,0.014239399999496527,0.01760389999981271
366,0.013490500001353212,0.022514200001751306
367,0.012346100000286242,0.01846070000101463
368,0.012667500002862653,0.017410000000381842
369,0.012799500000255648,0.013175299998692935
370,0.012815000001864973,0.013247799997770926
371,0.01213389999975334,0.01453380000020843
372,0.012904899998829933,0.016524099999514874
373,0.012234899997565662,0.013260899999295361
374,0.012536499998532236,0.014276199999585515
375,0.02024100000198814,0.01833509999778471
376,0.01809760000105598,0.018279799998708768
377,0.016649600001983345,0.01681250000183354
378,0.016421899999841116,0.020834700000705197
379,0.013434600001346553,0.019465999997919425
380,0.012949500000104308,0.015192999999271706
381,0.013527099999919301,0.013757799999439158
382,0.014804300000832882,0.016436800000519725
383,0.014610499998525484,0.012908100001368439
384,0.016289499999402324,0.013007900000957306
385,0.016773899998952402,0.014411799998924835
386,0.011926200000743847,0.01298529999985476
387,0.01615460000175517,0.012841499999922235
388,0.019216299999243347,0.012948100000357954
389,0.019612800002505537,0.014709899998706533
390,0.016486900000018068,0.015290499999537133
391,0.015419100000144681,0.02636700000221026
392,0.014439999999012798,0.018331299997953465
393,0.01323660000343807,0.017939599998499034
394,0.014186299998982577,0.01606519999768352
395,0.013791999997920357,0.012568299996928545
396,0.01494779999848106,0.019932899998821085
397,0.016856099999131402,0.02068629999848781
398,0.014081199999054661,0.017445499997847946
399,0.014082100002269726,0.016761499999120133
400,0.014932099998986814,0.01629269999830285
401,0.015423100001498824,0.014494099999865284
402,0.013461099999403814,0.014488100001472048
403,0.012314799998421222,0.014801199999055825
404,0.012268399997992674,0.017685999999230262
405,0.011947899998631328,0.014619300000049407
406,0.012089700001524761,0.016117199997097487
407,0.012241500000527594,0.013693999997485662
408,0.01218719999815221,0.01424129999941215
409,0.011663600002066232,0.016475700002047233
410,0.012802200002624886,0.017532499998196727
411,0.011761300000216579,0.017426500002329703
412,0.013690399999177316,0.0195346000000427
413,0.017551400000229478,0.018314500000997214
414,0.017554199999722186,0.01764520000142511
415,0.01699949999965611,0.01593240000147489
416,0.020402000001922715,0.01514129999850411
417,0.014780900000914698,0.02291279999917606
418,0.011859700000059092,0.019267499999841675
419,0.012872200000856537,0.017740499999490567
420,0.012754999999742722,0.01314480000291951
421,0.011942100001760991,0.012726199998724042
422,0.011842899999464862,0.01335309999922174
423,0.012059999997291015,0.01246979999996256
424,0.018609899998409674,0.026624800000718096
425,0.01893759999802569,0.020313299999543233
426,0.020092099999601487,0.019292599998152582
427,0.01745370000207913,0.013069600001472281
428,0.014132599997537909,0.013565000001108274
429,0.017699100000754697,0.013879300000553485
430,0.01487710000219522,0.01317650000055437
431,0.015739900001790375,0.021725099999457598
432,0.01579870000205119,0.020276800001738593
433,0.01268519999939599,0.021661499999027
434,0.011863600000651786,0.014955099999497179
435,0.012652400000661146,0.013458199999149656
436,0.01311600000190083,0.01330499999676249
437,0.012363199999526842,0.013068899999780115
438,0.012290700000448851,0.016212200000154553
439,0.017378199998347554,0.012692000000242842
440,0.02185290000124951,0.01281119999839575
441,0.01292499999908614,0.014797199997701682
442,0.014399700001376914,0.018593000000691973
443,0.011981600000581238,0.02489150000110385
444,0.011763700000301469,0.016559499999857508
445,0.012069500000507105,0.01628559999880963
446,0.012931600002048071,0.015809600001375657
447,0.016927299999224488,0.013119900002493523
448,0.01940409999951953,0.01268039999922621
449,0.01944550000189338,0.012691800002357922
450,0.01818700000148965,0.013474799998220988
451,0.01539750000301865,0.01326869999684277
452,0.014220300003216835,0.014522299999953248
453,0.013146500001312234,0.019422500001383014
454,0.014359199998580152,0.016144400000484893
455,0.013752899998507928,0.013211000001319917
456,0.014247400002204813,0.012839099999837345
457,0.018639199999597622,0.01315460000114399
458,0.013466299998981413,0.01687379999930272
459,0.012857799996709218,0.01445389999935287
460,0.012636600000405451,0.015015800003311597
461,0.01589619999867864,0.013274199998704717
462,0.011981800002104137,0.013024899999436457
463,0.018025900000793627,0.012742499999149004
464,0.012483099999371916,0.012886599997727899
465,0.012064800001098774,0.01301909999892814
466,0.017105299997638213,0.012773800001014024
467,0.012117500002204906,0.014329400000860915
468,0.014216300001862692,0.013331099999049911
469,0.013901299997087335,0.013420299997960683
470,0.014038599998457357,0.012626699997781543
471,0.016102100002171937,0.012670099997194484
472,0.015546399998129345,0.013039900000876514
473,0.012970599997061072,0.014433600001211744
474,0.013226899998699082,0.01391180000064196
475,0.016910700000153156,0.013189900000725174
476,0.013975999998365296,0.012930900000355905
477,0.01574369999798364,0.014854799999739043
478,0.013210099998104852,0.012807800001610303
479,0.015247999999701278,0.012718400001176633
480,0.012814900001103524,0.012925999999424675
481,0.013464899999235058,0.013300499998877058
482,0.013004000000364613,0.013391200001933612
483,0.013852400003088405,0.019178099999408005
484,0.016243100002611754,0.016110999997181352
485,0.01181939999878523,0.01759239999955753
486,0.015927800002828008,0.015294799999537645
487,0.012025500000163447,0.015132600001379615
488,0.01852320000034524,0.014242400000512134
489,0.014107099999819184,0.01546529999905033
490,0.014936300001863856,0.013146199999027885
491,0.012421599996741861,0.01706439999907161
492,0.019722999997611623,0.018687200001295423
493,0.01276990000042133,0.017799299999751383
494,0.018816800002241507,0.016368500000680797
495,0.013439599999401253,0.013671900000190362
496,0.01628340000024764,0.012703100001090206
497,0.012173300001450116,0.019719299998541828
498,0.01471529999980703,0.014713799999299226
499,0.014367499999934807,0.013604800002212869
500,0.014219000000593951,0.014130800002021715
501,0.013468100001773564,0.014605100001062965
502,0.015545599999313708,0.013946500002930406
503,0.014362400001118658,0.013238999999884982
504,0.013654900001711212,0.015463100000488339
505,0.012294500000280095,0.01711069999873871
506,0.012124499997298699,0.019330400002218084
507,0.015954999998939456,0.01808329999767011
508,0.019294300000183284,0.01601700000173878
509,0.01516289999926812,0.01282089999949676
510,0.015188700002909172,0.013477899999998044
511,0.01603129999784869,0.019349999998667045
512,0.01259849999769358,0.020567300001857802
513,0.013717999998334562,0.013232400000561029
514,0.016843699999299133,0.014639100001659244
515,0.014600499998778105,0.016971099998045247
516,0.015633600000001024,0.01919160000034026
517,0.01631939999788301,0.017028900001605507
518,0.01337240000066231,0.018594299999676878
519,0.012679599996772595,0.020550400000502123
520,0.01471300000048359,0.014191700000083074
521,0.015831100001378218,0.014020099999470403
522,0.012664199999562697,0.013966800001071533
523,0.011679600000206847,0.013723699998081429
524,0.011688200000207871,0.01640209999823128
525,0.012754900002619252,0.016944099999818718
526,0.01245299999936833,0.02737350000097649
527,0.014377899999090005,0.015521799999987707
528,0.018062499999359716,0.018374200000835117
529,0.016344300001946976,0.017030399998475332
530,0.012123100001190323,0.01666550000300049
531,0.01226219999807654,0.015082300000358373
532,0.01277499999923748,0.01641370000288589
533,0.01197659999888856,0.01405489999888232
534,0.01179490000140504,0.01446850000138511
535,0.01209250000101747,0.014919500001269625
536,0.014370799999596784,0.01934879999680561
537,0.02106389999971725,0.01615059999676305
538,0.01841460000287043,0.017876900001283502
539,0.01897090000056778,0.01740090000021155
540,0.012988599999516737,0.013347299998713424
541,0.011952799999562558,0.012770200002705678
542,0.012949500000104308,0.013412700001936173
543,0.01654939999934868,0.012808099996618694
544,0.016949700002442114,0.012839099999837345
545,0.014983200002461672,0.013974299999972573
546,0.014482700000371551,0.017638799999986077
547,0.01323459999912302,0.017893799999001203
548,0.012211699999170378,0.018987600000400562
549,0.012761000001773937,0.014073199999984354
550,0.012432500003342284,0.012430300001142314
551,0.016959100001258776,0.012434699998266296
552,0.021382499999162974,0.01301189999867347
553,0.01919629999974859,0.014076700001169229
554,0.014785299998038681,0.01763070000015432
555,0.01708169999983511,0.018597399997815955
556,0.015805499999260064,0.019490499998937594
557,0.018389699998806464,0.016630999998596963
558,0.016016599998692982,0.015362100002676016
559,0.013412200001766905,0.012661400000069989
560,0.01854749999984051,0.012703100001090206
561,0.018623800002387725,0.0154194999995525
562,0.021583199999440694,0.013217200001236051
563,0.015551399999822024,0.012951799999427749
564,0.016597099998762133,0.014258400002290728
565,0.015202999999019084,0.018377600001258543
566,0.0183374999978696,0.018795500000123866
567,0.01506599999993341,0.02162999999927706
568,0.015228899999783607,0.017527900003187824
569,0.015791000001627253,0.014477400000032503
570,0.014909399997122819,0.013311099999555154
571,0.015964199999871198,0.017583500000910135
572,0.013940600001660641,0.01640380000026198
573,0.014841200001683319,0.0179281999990053
574,0.013727000001381384,0.016093399997771485
575,0.015762499999254942,0.014525599999615224
576,0.012425699998857453,0.019531800000549993
577,0.012343200000032084,0.016980700002022786
578,0.012161899998318404,0.013039000001299428
579,0.012030300000333227,0.01265889999922365
580,0.012500900000304682,0.012574200001836289
581,0.012930900000355905,0.013945300001068972
582,0.012855100001615938,0.019558699998015072
583,0.012142499999754364,0.022754300000087824
584,0.013052000002062414,0.017417000002751593
585,0.017463100000895793,0.018839599997590994
586,0.01315249999970547,0.022057300000597024
587,0.019267900002887473,0.01768879999872297
588,0.018212300001323456,0.017912300001626136
589,0.018152000000554835,0.014794899998378241
590,0.016826499999297084,0.0145751999989443
591,0.01663850000113598,0.014629999997850973
592,0.012417300000379328,0.01601970000047004
593,0.012959200001205318,0.013916500000050291
594,0.012139499998738756,0.014840400002867682
595,0.014364800001203548,0.012703699998382945
596,0.012289599999348866,0.012979799997992814
597,0.012453499999537598,0.012477699998271419
598,0.012155600001278799,0.013950200002000201
599,0.01879430000190041,0.014150200000585755
600,0.01768689999880735,0.013571299998147879
601,0.018653499999345513,0.013470699999743374
602,0.012574799999129027,0.013015399999858346
603,0.011945199999900069,0.013317900000402005
604,0.012081000000762288,0.012578300000313902
605,0.012733100000332342,0.017661199999565724
606,0.012388399998599198,0.018272900000738446
607,0.014654300000984222,0.01886699999886332
608,0.017452399999456247,0.020406600000569597
609,0.015537399998720502,0.018246700001327554
610,0.018933800001832424,0.018330900002183625
611,0.019414700000197627,0.01661909999893396
612,0.012244300000020303,0.01621259999956237
613,0.012018999997962965,0.01824290000149631
614,0.016177000001334818,0.016649100001814077
615,0.01813670000046841,0.016461600000184262
616,0.020641300001443597,0.021938599998975405
617,0.017073099999834085,0.019335199998749886
618,0.020136700000875862,0.015483399998629466
619,0.016741600000386825,0.012774599999829661
620,0.014026199998625088,0.012393999997584615
621,0.013912900001741946,0.012847400001192
622,0.012210400000185473,0.013150800001312746
623,0.012055200000759214,0.013293600000906736
624,0.012117199999920558,0.014178999997966457
625,0.012580899998283712,0.020133300000452437
626,0.011815799996838905,0.01970219999930123
627,0.012509000000136439,0.016813599999295548
628,0.012669200001255376,0.015481900001759641
629,0.011665400001220405,0.01279430000067805
630,0.013638399999763351,0.013606299999082694
631,0.014569700000720331,0.0148507999983849
632,0.01957330000004731,0.016683000001648907
633,0.02015680000113207,0.013035699997999473
634,0.017941800000699004,0.01367739999841433
635,0.017118399999162648,0.018059999998513376
636,0.01702089999889722,0.01725379999697907
637,0.011960199997702148,0.023956699998961994
638,0.01316919999953825,0.020058399997651577
639,0.015784100000018952,0.016221699999732664
640,0.011913800000911579,0.01614260000133072
641,0.011822700002085185,0.01284749999831547
642,0.012198300002637552,0.016100300003017765
643,0.01205620000109775,0.016494799998326926
644,0.01225239999985206,0.013865099997929065
645,0.014352999998664018,0.018215600000985432
646,0.01428459999806364,0.01627339999686228
647,0.01743740000165417,0.021247399999992922
648,0.01210489999721176,0.01716600000145263
649,0.017273499997827457,0.0169075999983761
650,0.01351029999932507,0.019997799998236587
651,0.01562519999788492,0.016255400001682574
652,0.01244829999996,0.018338400001084665
653,0.023056199999700766,0.016378599997551646
654,0.016473299998324364,0.018677899999602232
655,0.017142600001534447,0.016591699997661635
656,0.012921599998662714,0.01696050000100513
657,0.016373700000258395,0.016141500000230735
658,0.013221100001828745,0.020941599999787286
659,0.017111699999077246,0.014621799997257767
660,0.01329769999938435,0.02004550000128802
661,0.0158646999989287,0.015034899999591289
662,0.01328520000242861,0.01483870000083698
663,0.01411309999821242,0.014445500000874745
664,0.013251100001070881,0.014572199997928692
665,0.014011999999638647,0.01636799999687355
666,0.015654799997719238,0.016637900000205263
667,0.01603400000021793,0.015287499998521525
668,0.015581700001348509,0.016061499998613726
669,0.015315600001486018,0.013772300000709947
670,0.01501319999806583,0.0193310000031488
671,0.014650799999799347,0.01587410000138334
672,0.01653470000019297,0.015561700001853751
673,0.015172399998846231,0.015106099999684375
674,0.02035969999997178,0.014307299999927636
675,0.012984100001631305,0.017146499998489162
676,0.01217220000035013,0.013037599997915095
677,0.011996500001259847,0.01345969999965746
678,0.01188709999769344,0.013643800000863848
679,0.012227200000779703,0.012719800000922987
680,0.012105699999665376,0.01741749999928288
681,0.012207600000692764,0.02206799999839859
682,0.01576070000010077,0.018159899998863693
683,0.018148199997085612,0.016436800000519725
684,0.01608710000073188,0.01600000000325963
685,0.015213200000289362,0.015423400000145193
686,0.014697200000227895,0.019420200002059573
687,0.013444199998048134,0.013652599998749793
688,0.014756799999304349,0.018510099998820806
689,0.012885199997981545,0.013531000000511995
690,0.018797599997924408,0.013622499998746207
691,0.018984599999384955,0.012540499999886379
692,0.014019800000824034,0.013460399997711647
693,0.013058500000624917,0.013090599997667596
694,0.013235999998869374,0.013030800000706222
695,0.014000299997860566,0.013115500001731561
696,0.019874999998137355,0.013182699996832525
697,0.013430200000584591,0.015335899999627145
698,0.016458900001453003,0.013145500000973698
699,0.01471069999752217,0.016914199997700052
700,0.014090999997279141,0.01509539999824483
701,0.013011799997912021,0.01678660000106902
702,0.012238600000273436,0.013688999999430962
703,0.012100799998734146,0.016975700000330107
704,0.013301500002853572,0.013353799997275928
705,0.012446000000636559,0.02078040000196779
706,0.012046100000588922,0.017162399999506306
707,0.012278000001970213,0.014160800001263851
708,0.012220200002047932,0.02032089999920572
709,0.012001200000668177,0.018164500001148554
710,0.012459400000807364,0.020472100000915816
711,0.013319500001671258,0.013284000000567175
712,0.01677180000115186,0.013172599999961676
713,0.01663189999817405,0.012781600002199411
714,0.01778550000017276,0.012490799999795854
715,0.01710629999797675,0.016506800002389355
716,0.016248799998720642,0.024126399999659043
717,0.012633300000743475,0.020162200002232566
718,0.012156599997979356,0.01698749999923166
719,0.012314700001297751,0.015919400000711903
720,0.012436600001819897,0.014917600001354003
721,0.013812100001814542,0.019732699998712633
722,0.02251579999938258,0.022214200002053985
723,0.012696500001766253,0.01869799999985844
724,0.011977300000580726,0.016174799999134848
725,0.011845400000311201,0.014629499997681705
726,0.012812000000849366,0.012807300001441035
727,0.016901800001505762,0.01675489999979618
728,0.01434730000255513,0.016584599998168414
729,0.012446799999452196,0.012908299999253359
730,0.016647399999783374,0.014587499998015119
731,0.015538399999059038,0.01351749999957974
732,0.012007499997707782,0.014325399999506772
733,0.011802599998190999,0.01681760000064969
734,0.011825699999462813,0.019497500001307344
735,0.01802049999969313,0.017181999999593245
736,0.013845400000718655,0.018022100000962382
737,0.012043800001265481,0.016590999999607448
738,0.011846299999888288,0.01554509999914444
739,0.013561899999331217,0.01646269999764627
740,0.014143000000331085,0.01358780000009574
741,0.012418700000125682,0.015517600000748644
742,0.012581099999806611,0.019047400000999914
743,0.01658060000045225,0.019581500000640517
744,0.014530799999192823,0.012926400002470473
745,0.012788200001523364,0.017188400001032278
746,0.011830599996756064,0.01535669999793754
747,0.011808300001575844,0.012991100000363076
748,0.014940799999749288,0.01332630000251811
749,0.012459999998100102,0.016591199997492367
750,0.012261799998668721,0.01819229999819072
751,0.011797799998021219,0.0201085000007879
752,0.018785400003253017,0.016313100000843406
753,0.01555960000041523,0.016081500001746463
754,0.013350299999729032,0.016683099998772377
755,0.012098499999410706,0.014147300000331597
756,0.011864799998875242,0.015232599998853402
757,0.014639899996836903,0.013706299996556481
758,0.01887420000275597,0.015683400000853
759,0.018299200000910787,0.013216999999713153
760,0.012735199998132885,0.013138500002241926
761,0.012121200001274701,0.012580099999468075
762,0.011866400000144495,0.012988400001631817
763,0.012192700000014156,0.01358289999916451
764,0.01345209999999497,0.019944699997722637
765,0.016102999998111045,0.019402500001888257
766,0.013978399998450186,0.019490200000291225
767,0.012030499998218147,0.014562300002580741
768,0.012072299999999814,0.014938899999833666
769,0.01360009999916656,0.013111899999785237
770,0.012673600002017338,0.014924200000677956
771,0.011843899999803398,0.012984600001800572
772,0.012377099999866914,0.01341839999804506
773,0.012106099999073194,0.012611999998625834
774,0.013000000002648449,0.01434990000052494
775,0.012580999999045162,0.017588400001841364
776,0.012535699999716599,0.014874200001941063
777,0.012251199997990625,0.01389480000216281
778,0.01361660000111442,0.017244899998331675
779,0.012703399999736575,0.015706600002886262
780,0.012180699999589706,0.01343319999796222
781,0.011626899999100715,0.018588000002637273
782,0.012294899999687914,0.020337400001153583
783,0.012906600000860635,0.01787049999984447
784,0.012270299997908296,0.01918920000025537
785,0.0116522000025725,0.01607779999903869
786,0.0120563000018592,0.016976699997030664
787,0.012978599999769358,0.015212599999358645
788,0.013920199999120086,0.014793399997870438
789,0.012553799999295734,0.01509059999807505
790,0.012582700001075864,0.013310900001670234
791,0.01406209999913699,0.014938600001187297
792,0.013911199999711243,0.016990800002531614
793,0.011504399997647852,0.01406910000150674
794,0.011634400001639733,0.01683449999836739
795,0.012097700000595069,0.016891100000066217
796,0.012741700000333367,0.013679300001967931
797,0.013784800001303665,0.014449799997237278
798,0.01799089999985881,0.01507800000035786
799,0.021368000001530163,0.01445850000163773
800,0.022908999999344815,0.014690100000734674
801,0.014229699998395517,0.013225600003352156
802,0.012219500000355765,0.012669899999309564
803,0.012008599998807767,0.0129878000007011
804,0.012250400002812967,0.012976899997738656
805,0.011876699998538243,0.012788299998646835
806,0.013127500002156012,0.014700399999128422
807,0.016358699998818338,0.020203500000206986
808,0.012140399998315843,0.019792300001427066
809,0.011822899999970105,0.019921499999327352
810,0.012493099999119295,0.016146699999808334
811,0.01917900000262307,0.013411699997959659
812,0.01750239999819314,0.012757300002704142
813,0.016192799997952534,0.013213000001996988
814,0.01651510000010603,0.013085399998089997
815,0.015898800000286428,0.013729899997997563
816,0.01340419999905862,0.013431299998046597
817,0.012385699999867938,0.018517799999244744
818,0.013233100002253195,0.01979120000032708
819,0.013201300000218907,0.01905799999804003
820,0.012850099999923259,0.01667299999826355
821,0.01251609999962966,0.017899899998155888
822,0.01211420000254293,0.013067399999272311
823,0.012519500000053085,0.013458099998388207
824,0.012224699999933364,0.01386120000097435
825,0.01195979999829433,0.014642300000559771
826,0.012379299998428905,0.012698200000158977
827,0.012303899999096757,0.01283020000118995
828,0.01522109999859822,0.013995400000567315
829,0.019833899998047855,0.02039349999904516
830,0.017968200001632795,0.014092400000663474
831,0.01940199999808101,0.01687609999862616
832,0.015091699999175034,0.014247499999328284
833,0.01737900000080117,0.014883899999404093
834,0.01463779999903636,0.014689300001919037
835,0.011985300003289012,0.01646970000001602
836,0.011823199998616474,0.01432589999967604
837,0.011888799999724142,0.012597500000993023
838,0.012028299999656156,0.013338200002181111
839,0.013882100000046194,0.013835900001140544
840,0.01209250000101747,0.0138249999981781
841,0.012255399997229688,0.013659899999765912
842,0.012349800002994016,0.01315460000114399
843,0.014529300002322998,0.0132975999986229
844,0.018556399998487905,0.012828699997044168
845,0.020085800002561882,0.01272160000007716
846,0.015272399999957997,0.013042900001892122
847,0.012645099999645026,0.016758699999627424
848,0.011986899997282308,0.019105100000160746
849,0.012454100000468316,0.020269000000553206
850,0.01554039999973611,0.023448600000847364
851,0.012301099999604048,0.019379199999093544
852,0.011844699998619035,0.01712299999780953
853,0.011992100000497885,0.013299199999892153
854,0.01290779999908409,0.01260069999989355
855,0.018992299999808893,0.013267099999211496
856,0.01216019999992568,0.01394830000208458
857,0.01202489999923273,0.014192900001944508
858,0.01944770000045537,0.020322099997429177
859,0.017109799999161623,0.020147700000961777
860,0.017974899998080218,0.018551299999671755
861,0.015397899998788489,0.016840999996929895
862,0.013131499999872176,0.01375700000062352
863,0.011881700000230921,0.018739600000117207
864,0.012299499998334795,0.013450200000079349
865,0.012386799997329945,0.018648799999937182
866,0.02094519999809563,0.014087600000493694
867,0.012919199998577824,0.016702500000974396
868,0.013796600000205217,0.013298599998961436
869,0.012280499999178573,0.015759900001285132
870,0.01740339999741991,0.013493900001776638
871,0.017982000001211418,0.013622599999507656
872,0.016981100001430605,0.012787800002115546
873,0.016794799998024246,0.012925500002893386
874,0.01699659999940195,0.013018900001043221
875,0.014592200001061428,0.012765200001013
876,0.011886600001162151,0.018810900000971742
877,0.011744800001906697,0.01292990000001737
878,0.011774499998864485,0.016591300001891796
879,0.011946899998292793,0.013725400000112131
880,0.012389499999699183,0.013383199999225326
881,0.01235369999994873,0.015476399999897694
882,0.011979499999142718,0.016003400000045076
883,0.012227100000018254,0.01691960000243853
884,0.017065199997887248,0.015747999997984152
885,0.016113299996504793,0.0164812000002712
886,0.018770800001220778,0.013394599998719059
887,0.013556800000515068,0.01683440000124392
888,0.012737699998979224,0.013711300001887139
889,0.012082400000508642,0.020148800002061762
890,0.013365700000576908,0.01444699999774457
891,0.013449499998387182,0.018791299997246824
892,0.012024399999063462,0.012855000000854488
893,0.011945799997192807,0.015614099997037556
894,0.011962800002947915,0.013161499999114312
895,0.014261799999076175,0.015132799999264535
896,0.016760999998950865,0.015658399999665562
897,0.015768599998409627,0.016599200000200653
898,0.015767100001539802,0.013056400002824375
899,0.012902700000267942,0.012750300000334391
900,0.014172399998642504,0.014007099998707417
901,0.01199080000151298,0.023397900000418304
902,0.015324299998610513,0.019226399999752175
903,0.015955799997755094,0.016601999999693362
904,0.015987299997505033,0.017409500000212574
905,0.01405710000108229,0.018053299998427974
906,0.013486600000760518,0.017146199999842793
907,0.012759499997628154,0.017636299999139737
908,0.012530899999546818,0.01905619999888586
909,0.012903800001367927,0.013249999999970896
910,0.016163500000402564,0.012608200002432568
911,0.01736710000113817,0.013207100000727223
912,0.01503690000026836,0.013216600000305334
913,0.01582070000222302,0.012860099999670638
914,0.013998700000229292,0.016122700002597412
915,0.01619850000133738,0.019625900000391994
916,0.013971500000479864,0.016104900001664646
917,0.015856300000450574,0.018602199997985736
918,0.014135500001430046,0.01746890000140411
919,0.018248200001835357,0.01590299999952549
920,0.013979499999550171,0.01333380000141915
921,0.016495399999257643,0.01720500000010361
922,0.014167799999995623,0.01545550000082585
923,0.01826699999946868,0.01288130000102683
924,0.013852299998688977,0.012619199998880504
925,0.011703799998940667,0.012689399998635054
926,0.013560499999584863,0.012413899999955902
927,0.014664900001662318,0.012399399998685112
928,0.016857799997524126,0.013033399998676032
929,0.012592399998538895,0.017653799997788155
930,0.012605900003109127,0.02087549999851035
931,0.012238100000104168,0.020421799999894574
932,0.012142300001869444,0.014962299999751849
933,0.012350599998171674,0.012697899997874629
934,0.015103300000191666,0.012862800002039876
935,0.014912200000253506,0.014851799998723436
936,0.015277700000297045,0.017068200002540834
937,0.01331939999727183,0.01862989999790443
938,0.020099699999263976,0.017491599999630125
939,0.017199400001118192,0.01705250000304659
940,0.018152299999201205,0.01618610000150511
941,0.017850000000180444,0.014809000000241213
942,0.014772399998037145,0.012691400002950104
943,0.013960800002678297,0.013001000002986984
944,0.014924499999324325,0.013232799999968847
945,0.01191370000015013,0.012943800000357442
946,0.011813600001914892,0.014151899998978479
947,0.01425069999822881,0.019572900000639493
948,0.022880699998495402,0.01872459999867715
949,0.021488099999260157,0.01744220000182395
950,0.015684999998484273,0.01673309999750927
951,0.013304200001584832,0.013015499996981816
952,0.011729999998351559,0.012635600000066916
953,0.01244820000283653,0.012478199998440687
954,0.012657299997954397,0.015696300000854535
955,0.020598399998561945,0.020667900000262307
956,0.01620840000032331,0.014763399998628302
957,0.01695540000218898,0.012613700000656536
958,0.017558800002007047,0.012821100001019659
959,0.01906310000049416,0.012887400000181515
960,0.012658200001169462,0.012904700000945013
961,0.022441699999035336,0.013294399999722373
962,0.017486900000221794,0.013696300000447081
963,0.015548699997452786,0.01713450000170269
964,0.014322400002129143,0.018473899999662535
965,0.016350300000340212,0.016606699999101693
966,0.013626800002384698,0.02262459999838029
967,0.016030200000386685,0.016083700000308454
968,0.014573699998436496,0.01460669999869424
969,0.012284399999771267,0.013420100000075763
970,0.011859300000651274,0.012878099998488324
971,0.012233400000695838,0.013460400001349626
972,0.01208309999856283,0.012777500000083819
973,0.011767599997256184,0.012523900000815047
974,0.012185600000520935,0.016768500001489883
975,0.011978499998804182,0.018050000002403976
976,0.011894499999471009,0.018513099999836413
977,0.012047899999743095,0.021278399999573594
978,0.013766100000793813,0.01265399999829242
979,0.016300899998896057,0.012623200000234647
980,0.023709499997494277,0.012509800002590055
981,0.018676699997740798,0.013105400001222733
982,0.012174399998912122,0.012843799999245675
983,0.012223099998664111,0.013122299998940434
984,0.012158599998656427,0.013321499998710351
985,0.015541799999482464,0.017890400002215756
986,0.023690099998930236,0.022686199998133816
987,0.017476900000474416,0.020066000000952045
988,0.012926200000947574,0.015829200001462596
989,0.012552899999718647,0.01544590000048629
990,0.011885699997947086,0.01703750000160653
991,0.011943599998630816,0.017259899999771733
992,0.01482899999973597,0.013467499997204868
993,0.01674519999869517,0.012642299996514339
994,0.011960600000747945,0.012432899999112124
995,0.01217470000119647,0.01347879999957513
996,0.020186999998259125,0.014268999999330845
997,0.020859500000369735,0.015780300000187708
998,0.019516799999109935,0.012791299999662442
999,0.015154500000789994,0.012712399999145418
1000,0.014708399998198729,0.016769999998359708
